Median_household_income_dollars,Percent_individual_below_povery_level,k,o,r
3.524600000000000000e+04,2.019600747000000140e+01,0.000000000000000000e+00,0.000000000000000000e+00,-8.240353534085114173e-01
3.293700000000000000e+04,2.008206142999999955e+01,0.000000000000000000e+00,0.000000000000000000e+00,-8.240353534085114173e-01
6.575800000000000000e+04,9.898576419999999487e+00,0.000000000000000000e+00,0.000000000000000000e+00,-8.240353534085114173e-01
3.653200000000000000e+04,2.131696429000000137e+01,0.000000000000000000e+00,0.000000000000000000e+00,-8.240353534085114173e-01
3.343100000000000000e+04,2.648540165000000002e+01,0.000000000000000000e+00,0.000000000000000000e+00,-8.240353534085114173e-01
4.182000000000000000e+04,1.367396824000000066e+01,0.000000000000000000e+00,0.000000000000000000e+00,-8.240353534085114173e-01
6.611600000000000000e+04,5.853878193999999979e+00,0.000000000000000000e+00,0.000000000000000000e+00,-8.240353534085114173e-01
4.734000000000000000e+04,1.497595302999999944e+01,0.000000000000000000e+00,0.000000000000000000e+00,-8.240353534085114173e-01
8.200100000000000000e+04,5.597159180000000234e+00,0.000000000000000000e+00,0.000000000000000000e+00,-8.240353534085114173e-01
3.365800000000000000e+04,2.304544496000000109e+01,0.000000000000000000e+00,0.000000000000000000e+00,-8.240353534085114173e-01
3.499600000000000000e+04,1.516293001999999923e+01,0.000000000000000000e+00,0.000000000000000000e+00,-8.240353534085114173e-01
5.215800000000000000e+04,1.171285482000000044e+01,0.000000000000000000e+00,0.000000000000000000e+00,-8.240353534085114173e-01
6.121700000000000000e+04,9.459265471000000147e+00,0.000000000000000000e+00,0.000000000000000000e+00,-8.240353534085114173e-01
4.579800000000000000e+04,2.229630454999999856e+01,0.000000000000000000e+00,0.000000000000000000e+00,-8.240353534085114173e-01
6.588200000000000000e+04,9.943605743999999191e+00,0.000000000000000000e+00,0.000000000000000000e+00,-8.240353534085114173e-01
5.111900000000000000e+04,1.509972383999999934e+01,0.000000000000000000e+00,0.000000000000000000e+00,-8.240353534085114173e-01
5.246800000000000000e+04,8.072912910999999525e+00,0.000000000000000000e+00,0.000000000000000000e+00,-8.240353534085114173e-01
4.616700000000000000e+04,1.599817102999999996e+01,0.000000000000000000e+00,0.000000000000000000e+00,-8.240353534085114173e-01
8.043300000000000000e+04,8.100146507999999912e+00,0.000000000000000000e+00,0.000000000000000000e+00,-8.240353534085114173e-01
4.899200000000000000e+04,1.326683635999999922e+01,0.000000000000000000e+00,0.000000000000000000e+00,-8.240353534085114173e-01
8.173900000000000000e+04,2.679452828000000064e+00,0.000000000000000000e+00,0.000000000000000000e+00,-8.240353534085114173e-01
6.135300000000000000e+04,5.668940740000000034e+00,0.000000000000000000e+00,0.000000000000000000e+00,-8.240353534085114173e-01
3.883700000000000000e+04,1.493862032999999911e+01,0.000000000000000000e+00,0.000000000000000000e+00,-8.240353534085114173e-01
2.982000000000000000e+04,2.983178009999999958e+01,0.000000000000000000e+00,0.000000000000000000e+00,-8.240353534085114173e-01
3.975200000000000000e+04,2.687000284000000150e+01,0.000000000000000000e+00,0.000000000000000000e+00,-8.240353534085114173e-01
3.723100000000000000e+04,2.287268891000000082e+01,0.000000000000000000e+00,0.000000000000000000e+00,-8.240353534085114173e-01
4.830900000000000000e+04,1.314413227999999911e+01,0.000000000000000000e+00,0.000000000000000000e+00,-8.240353534085114173e-01
5.595000000000000000e+04,1.363986522000000079e+01,0.000000000000000000e+00,0.000000000000000000e+00,-8.240353534085114173e-01
4.373100000000000000e+04,1.810247213999999971e+01,0.000000000000000000e+00,0.000000000000000000e+00,-8.240353534085114173e-01
5.308500000000000000e+04,1.948522247000000007e+01,0.000000000000000000e+00,0.000000000000000000e+00,-8.240353534085114173e-01
4.517400000000000000e+04,1.814159137000000044e+01,0.000000000000000000e+00,0.000000000000000000e+00,-8.240353534085114173e-01
4.243200000000000000e+04,2.000284384000000060e+01,0.000000000000000000e+00,0.000000000000000000e+00,-8.240353534085114173e-01
3.245600000000000000e+04,2.256069594999999950e+01,0.000000000000000000e+00,0.000000000000000000e+00,-8.240353534085114173e-01
3.104900000000000000e+04,2.961079189999999883e+01,0.000000000000000000e+00,0.000000000000000000e+00,-8.240353534085114173e-01
3.670000000000000000e+04,1.527010686999999933e+01,0.000000000000000000e+00,0.000000000000000000e+00,-8.240353534085114173e-01
3.218300000000000000e+04,2.260657597999999879e+01,0.000000000000000000e+00,0.000000000000000000e+00,-8.240353534085114173e-01
5.088400000000000000e+04,8.704926479999999245e+00,0.000000000000000000e+00,0.000000000000000000e+00,-8.240353534085114173e-01
6.988000000000000000e+04,8.420841298999999225e+00,0.000000000000000000e+00,0.000000000000000000e+00,-8.240353534085114173e-01
4.150700000000000000e+04,1.535083765999999983e+01,0.000000000000000000e+00,0.000000000000000000e+00,-8.240353534085114173e-01
3.561200000000000000e+04,2.258134584000000089e+01,0.000000000000000000e+00,0.000000000000000000e+00,-8.240353534085114173e-01
4.683800000000000000e+04,5.731603573000000118e+00,0.000000000000000000e+00,0.000000000000000000e+00,-8.240353534085114173e-01
4.812300000000000000e+04,2.052243789999999990e+01,0.000000000000000000e+00,0.000000000000000000e+00,-8.240353534085114173e-01
4.159900000000000000e+04,1.142567060999999917e+01,0.000000000000000000e+00,0.000000000000000000e+00,-8.240353534085114173e-01
3.871100000000000000e+04,1.603179752999999863e+01,0.000000000000000000e+00,0.000000000000000000e+00,-8.240353534085114173e-01
2.702000000000000000e+04,2.894740404999999939e+01,0.000000000000000000e+00,0.000000000000000000e+00,-8.240353534085114173e-01
5.127300000000000000e+04,1.216919882999999913e+01,0.000000000000000000e+00,0.000000000000000000e+00,-8.240353534085114173e-01
2.258900000000000000e+04,3.602317439000000121e+01,0.000000000000000000e+00,0.000000000000000000e+00,-8.240353534085114173e-01
5.443800000000000000e+04,6.558319789999999649e+00,0.000000000000000000e+00,0.000000000000000000e+00,-8.240353534085114173e-01
5.573300000000000000e+04,1.064814815000000081e+01,0.000000000000000000e+00,0.000000000000000000e+00,-8.240353534085114173e-01
4.634200000000000000e+04,1.181144624999999948e+01,0.000000000000000000e+00,0.000000000000000000e+00,-8.240353534085114173e-01
6.781000000000000000e+04,4.733423003000000406e+00,0.000000000000000000e+00,0.000000000000000000e+00,-8.240353534085114173e-01
4.256200000000000000e+04,2.233103630999999822e+01,0.000000000000000000e+00,0.000000000000000000e+00,-8.240353534085114173e-01
4.600200000000000000e+04,1.958119207000000017e+01,0.000000000000000000e+00,0.000000000000000000e+00,-8.240353534085114173e-01
3.921600000000000000e+04,1.850164644999999908e+01,0.000000000000000000e+00,0.000000000000000000e+00,-8.240353534085114173e-01
5.135600000000000000e+04,7.093477606999999630e+00,0.000000000000000000e+00,0.000000000000000000e+00,-8.240353534085114173e-01
3.697600000000000000e+04,1.792502379000000090e+01,0.000000000000000000e+00,0.000000000000000000e+00,-8.240353534085114173e-01
4.725000000000000000e+04,1.214467740999999990e+01,0.000000000000000000e+00,0.000000000000000000e+00,-8.240353534085114173e-01
5.477900000000000000e+04,9.320429450000000671e+00,0.000000000000000000e+00,0.000000000000000000e+00,-8.240353534085114173e-01
5.546000000000000000e+04,9.969533347000000489e+00,0.000000000000000000e+00,0.000000000000000000e+00,-8.240353534085114173e-01
2.420700000000000000e+04,4.263307317999999668e+01,0.000000000000000000e+00,0.000000000000000000e+00,-8.240353534085114173e-01
3.001200000000000000e+04,2.788025022000000064e+01,0.000000000000000000e+00,0.000000000000000000e+00,-8.240353534085114173e-01
5.805700000000000000e+04,8.198866113999999428e+00,0.000000000000000000e+00,0.000000000000000000e+00,-8.240353534085114173e-01
2.731100000000000000e+04,2.685142422999999923e+01,0.000000000000000000e+00,0.000000000000000000e+00,-8.240353534085114173e-01
5.151600000000000000e+04,1.011663794000000038e+01,0.000000000000000000e+00,0.000000000000000000e+00,-8.240353534085114173e-01
5.974600000000000000e+04,1.558577406000000032e+01,0.000000000000000000e+00,0.000000000000000000e+00,-8.240353534085114173e-01
1.800700000000000000e+04,4.395500893999999903e+01,0.000000000000000000e+00,0.000000000000000000e+00,-8.240353534085114173e-01
7.953500000000000000e+04,4.310793022000000363e+00,0.000000000000000000e+00,0.000000000000000000e+00,-8.240353534085114173e-01
2.746000000000000000e+04,2.743921912000000063e+01,0.000000000000000000e+00,0.000000000000000000e+00,-8.240353534085114173e-01
4.693300000000000000e+04,8.456978838999999581e+00,0.000000000000000000e+00,0.000000000000000000e+00,-8.240353534085114173e-01
7.803700000000000000e+04,4.021591862000000184e+00,0.000000000000000000e+00,0.000000000000000000e+00,-8.240353534085114173e-01
6.048200000000000000e+04,5.760304644999999724e+00,0.000000000000000000e+00,0.000000000000000000e+00,-8.240353534085114173e-01
6.165400000000000000e+04,1.024704945999999950e+01,0.000000000000000000e+00,0.000000000000000000e+00,-8.240353534085114173e-01
7.739500000000000000e+04,4.766515230999999631e+00,0.000000000000000000e+00,0.000000000000000000e+00,-8.240353534085114173e-01
4.735700000000000000e+04,1.494854484000000028e+01,0.000000000000000000e+00,0.000000000000000000e+00,-8.240353534085114173e-01
7.531300000000000000e+04,4.860659792999999951e+00,0.000000000000000000e+00,0.000000000000000000e+00,-8.240353534085114173e-01
3.044300000000000000e+04,2.743964014000000162e+01,0.000000000000000000e+00,0.000000000000000000e+00,-8.240353534085114173e-01
6.201000000000000000e+04,7.491653960999999917e+00,0.000000000000000000e+00,0.000000000000000000e+00,-8.240353534085114173e-01
3.615100000000000000e+04,1.895821491999999964e+01,0.000000000000000000e+00,0.000000000000000000e+00,-8.240353534085114173e-01
4.713100000000000000e+04,1.300399986999999946e+01,0.000000000000000000e+00,0.000000000000000000e+00,-8.240353534085114173e-01
3.217400000000000000e+04,1.931930132000000100e+01,0.000000000000000000e+00,0.000000000000000000e+00,-8.240353534085114173e-01
4.334500000000000000e+04,7.466176507000000129e+00,0.000000000000000000e+00,0.000000000000000000e+00,-8.240353534085114173e-01
6.081700000000000000e+04,5.586289640999999584e+00,0.000000000000000000e+00,0.000000000000000000e+00,-8.240353534085114173e-01
4.101500000000000000e+04,2.129845376999999829e+01,0.000000000000000000e+00,0.000000000000000000e+00,-8.240353534085114173e-01
3.243600000000000000e+04,2.861945284000000100e+01,0.000000000000000000e+00,0.000000000000000000e+00,-8.240353534085114173e-01
6.870500000000000000e+04,6.785621255999999768e+00,0.000000000000000000e+00,0.000000000000000000e+00,-8.240353534085114173e-01
9.313300000000000000e+04,2.913966258999999948e+00,0.000000000000000000e+00,0.000000000000000000e+00,-8.240353534085114173e-01
5.561000000000000000e+04,9.051559154999999635e+00,0.000000000000000000e+00,0.000000000000000000e+00,-8.240353534085114173e-01
4.086800000000000000e+04,1.875800946000000025e+01,0.000000000000000000e+00,0.000000000000000000e+00,-8.240353534085114173e-01
2.955400000000000000e+04,2.498189894000000066e+01,0.000000000000000000e+00,0.000000000000000000e+00,-8.240353534085114173e-01
4.963600000000000000e+04,7.085010307000000118e+00,0.000000000000000000e+00,0.000000000000000000e+00,-8.240353534085114173e-01
4.438400000000000000e+04,1.080774247000000088e+01,0.000000000000000000e+00,0.000000000000000000e+00,-8.240353534085114173e-01
4.025000000000000000e+04,1.099024894999999979e+01,0.000000000000000000e+00,0.000000000000000000e+00,-8.240353534085114173e-01
2.410500000000000000e+04,3.244926696999999649e+01,0.000000000000000000e+00,0.000000000000000000e+00,-8.240353534085114173e-01
4.932500000000000000e+04,8.844454841999999317e+00,0.000000000000000000e+00,0.000000000000000000e+00,-8.240353534085114173e-01
4.799300000000000000e+04,1.093131348000000003e+01,0.000000000000000000e+00,0.000000000000000000e+00,-8.240353534085114173e-01
5.686300000000000000e+04,1.234403572999999987e+01,0.000000000000000000e+00,0.000000000000000000e+00,-8.240353534085114173e-01
2.421800000000000000e+04,3.917946514999999863e+01,0.000000000000000000e+00,0.000000000000000000e+00,-8.240353534085114173e-01
4.785400000000000000e+04,1.168703934999999916e+01,0.000000000000000000e+00,0.000000000000000000e+00,-8.240353534085114173e-01
8.072000000000000000e+04,4.037933723000000086e+00,0.000000000000000000e+00,0.000000000000000000e+00,-8.240353534085114173e-01
3.705100000000000000e+04,2.030254679999999823e+01,0.000000000000000000e+00,0.000000000000000000e+00,-8.240353534085114173e-01
3.419600000000000000e+04,1.947993217000000143e+01,0.000000000000000000e+00,0.000000000000000000e+00,-8.240353534085114173e-01
3.404000000000000000e+04,1.962094417000000135e+01,0.000000000000000000e+00,0.000000000000000000e+00,-8.240353534085114173e-01
4.040500000000000000e+04,1.852240455999999824e+01,0.000000000000000000e+00,0.000000000000000000e+00,-8.240353534085114173e-01
3.900900000000000000e+04,2.189085445999999990e+01,0.000000000000000000e+00,0.000000000000000000e+00,-8.240353534085114173e-01
6.045800000000000000e+04,9.381887051999999727e+00,0.000000000000000000e+00,0.000000000000000000e+00,-8.240353534085114173e-01
6.319700000000000000e+04,6.416266814000000096e+00,0.000000000000000000e+00,0.000000000000000000e+00,-8.240353534085114173e-01
6.804900000000000000e+04,7.234124137000000232e+00,0.000000000000000000e+00,0.000000000000000000e+00,-8.240353534085114173e-01
3.969800000000000000e+04,1.858137277000000154e+01,0.000000000000000000e+00,0.000000000000000000e+00,-8.240353534085114173e-01
5.336100000000000000e+04,1.193224018999999991e+01,0.000000000000000000e+00,0.000000000000000000e+00,-8.240353534085114173e-01
5.607000000000000000e+04,6.106830351000000157e+00,0.000000000000000000e+00,0.000000000000000000e+00,-8.240353534085114173e-01
7.556400000000000000e+04,4.456235840999999809e+00,0.000000000000000000e+00,0.000000000000000000e+00,-8.240353534085114173e-01
3.640300000000000000e+04,2.211287096999999946e+01,0.000000000000000000e+00,0.000000000000000000e+00,-8.240353534085114173e-01
5.919900000000000000e+04,6.727442178999999634e+00,0.000000000000000000e+00,0.000000000000000000e+00,-8.240353534085114173e-01
5.588100000000000000e+04,1.136187630999999953e+01,0.000000000000000000e+00,0.000000000000000000e+00,-8.240353534085114173e-01
4.280100000000000000e+04,1.604390765999999857e+01,0.000000000000000000e+00,0.000000000000000000e+00,-8.240353534085114173e-01
5.512500000000000000e+04,1.216068016999999912e+01,0.000000000000000000e+00,0.000000000000000000e+00,-8.240353534085114173e-01
2.592800000000000000e+04,2.894086715999999981e+01,0.000000000000000000e+00,0.000000000000000000e+00,-8.240353534085114173e-01
4.525100000000000000e+04,1.776371576000000019e+01,0.000000000000000000e+00,0.000000000000000000e+00,-8.240353534085114173e-01
3.223300000000000000e+04,2.104266598999999971e+01,0.000000000000000000e+00,0.000000000000000000e+00,-8.240353534085114173e-01
3.596800000000000000e+04,1.521552995000000053e+01,0.000000000000000000e+00,0.000000000000000000e+00,-8.240353534085114173e-01
4.244000000000000000e+04,5.555296150000000210e+00,0.000000000000000000e+00,0.000000000000000000e+00,-8.240353534085114173e-01
3.803400000000000000e+04,1.685611026999999851e+01,0.000000000000000000e+00,0.000000000000000000e+00,-8.240353534085114173e-01
4.237000000000000000e+04,1.526987618000000069e+01,0.000000000000000000e+00,0.000000000000000000e+00,-8.240353534085114173e-01
4.269000000000000000e+04,9.890384038000000544e+00,0.000000000000000000e+00,0.000000000000000000e+00,-8.240353534085114173e-01
2.806900000000000000e+04,3.140426094000000035e+01,0.000000000000000000e+00,0.000000000000000000e+00,-8.240353534085114173e-01
4.219100000000000000e+04,1.025131144000000027e+01,0.000000000000000000e+00,0.000000000000000000e+00,-8.240353534085114173e-01
3.708300000000000000e+04,1.616198804000000067e+01,0.000000000000000000e+00,0.000000000000000000e+00,-8.240353534085114173e-01
4.232100000000000000e+04,1.478588234999999962e+01,0.000000000000000000e+00,0.000000000000000000e+00,-8.240353534085114173e-01
3.191500000000000000e+04,2.643030124999999941e+01,0.000000000000000000e+00,0.000000000000000000e+00,-8.240353534085114173e-01
2.969100000000000000e+04,2.537648504999999943e+01,0.000000000000000000e+00,0.000000000000000000e+00,-8.240353534085114173e-01
7.592800000000000000e+04,4.439224190000000014e+00,0.000000000000000000e+00,0.000000000000000000e+00,-8.240353534085114173e-01
5.504500000000000000e+04,7.547802282000000140e+00,0.000000000000000000e+00,0.000000000000000000e+00,-8.240353534085114173e-01
4.705000000000000000e+04,1.438438732000000009e+01,0.000000000000000000e+00,0.000000000000000000e+00,-8.240353534085114173e-01
3.663000000000000000e+04,2.365823594000000085e+01,0.000000000000000000e+00,0.000000000000000000e+00,-8.240353534085114173e-01
3.220500000000000000e+04,2.716947435000000155e+01,0.000000000000000000e+00,0.000000000000000000e+00,-8.240353534085114173e-01
5.123200000000000000e+04,1.005247851000000026e+01,0.000000000000000000e+00,0.000000000000000000e+00,-8.240353534085114173e-01
4.041300000000000000e+04,1.969815205000000091e+01,0.000000000000000000e+00,0.000000000000000000e+00,-8.240353534085114173e-01
8.278400000000000000e+04,2.774380380000000201e+00,0.000000000000000000e+00,0.000000000000000000e+00,-8.240353534085114173e-01
3.137600000000000000e+04,2.016734841999999972e+01,0.000000000000000000e+00,0.000000000000000000e+00,-8.240353534085114173e-01
5.185700000000000000e+04,9.479353138000000456e+00,0.000000000000000000e+00,0.000000000000000000e+00,-8.240353534085114173e-01
3.307000000000000000e+04,1.926171053999999927e+01,0.000000000000000000e+00,0.000000000000000000e+00,-8.240353534085114173e-01
5.894000000000000000e+04,1.047736837000000065e+01,0.000000000000000000e+00,0.000000000000000000e+00,-8.240353534085114173e-01
3.436200000000000000e+04,1.560650955000000017e+01,0.000000000000000000e+00,0.000000000000000000e+00,-8.240353534085114173e-01
3.922100000000000000e+04,1.471812163999999967e+01,0.000000000000000000e+00,0.000000000000000000e+00,-8.240353534085114173e-01
6.068000000000000000e+04,1.005321132999999989e+01,0.000000000000000000e+00,0.000000000000000000e+00,-8.240353534085114173e-01
3.720400000000000000e+04,1.609850433000000081e+01,0.000000000000000000e+00,0.000000000000000000e+00,-8.240353534085114173e-01
3.988600000000000000e+04,1.489894433000000085e+01,0.000000000000000000e+00,0.000000000000000000e+00,-8.240353534085114173e-01
7.013300000000000000e+04,4.092162618999999779e+00,0.000000000000000000e+00,0.000000000000000000e+00,-8.240353534085114173e-01
3.700100000000000000e+04,1.987499361000000064e+01,0.000000000000000000e+00,0.000000000000000000e+00,-8.240353534085114173e-01
4.077800000000000000e+04,1.870819282000000072e+01,0.000000000000000000e+00,0.000000000000000000e+00,-8.240353534085114173e-01
5.498500000000000000e+04,1.095588766000000014e+01,0.000000000000000000e+00,0.000000000000000000e+00,-8.240353534085114173e-01
2.597200000000000000e+04,3.250615868999999947e+01,0.000000000000000000e+00,0.000000000000000000e+00,-8.240353534085114173e-01
3.024800000000000000e+04,2.409300371000000140e+01,0.000000000000000000e+00,0.000000000000000000e+00,-8.240353534085114173e-01
7.831700000000000000e+04,4.072759249999999831e+00,0.000000000000000000e+00,0.000000000000000000e+00,-8.240353534085114173e-01
5.848100000000000000e+04,1.450042524999999927e+01,0.000000000000000000e+00,0.000000000000000000e+00,-8.240353534085114173e-01
4.426100000000000000e+04,1.777612159999999975e+01,0.000000000000000000e+00,0.000000000000000000e+00,-8.240353534085114173e-01
4.416900000000000000e+04,1.661213511000000054e+01,0.000000000000000000e+00,0.000000000000000000e+00,-8.240353534085114173e-01
3.227100000000000000e+04,1.894397668999999951e+01,0.000000000000000000e+00,0.000000000000000000e+00,-8.240353534085114173e-01
3.806300000000000000e+04,1.554419365000000042e+01,0.000000000000000000e+00,0.000000000000000000e+00,-8.240353534085114173e-01
4.066300000000000000e+04,1.875725369999999970e+01,0.000000000000000000e+00,0.000000000000000000e+00,-8.240353534085114173e-01
8.158200000000000000e+04,6.625435790000000047e+00,0.000000000000000000e+00,0.000000000000000000e+00,-8.240353534085114173e-01
3.780000000000000000e+04,2.428689711000000173e+01,0.000000000000000000e+00,0.000000000000000000e+00,-8.240353534085114173e-01
8.518700000000000000e+04,2.079600042000000037e+00,0.000000000000000000e+00,0.000000000000000000e+00,-8.240353534085114173e-01
5.822800000000000000e+04,7.802822478000000395e+00,0.000000000000000000e+00,0.000000000000000000e+00,-8.240353534085114173e-01
2.695400000000000000e+04,3.211645468999999764e+01,0.000000000000000000e+00,0.000000000000000000e+00,-8.240353534085114173e-01
5.222900000000000000e+04,1.306981541000000036e+01,0.000000000000000000e+00,0.000000000000000000e+00,-8.240353534085114173e-01
4.592400000000000000e+04,1.526085106000000025e+01,0.000000000000000000e+00,0.000000000000000000e+00,-8.240353534085114173e-01
2.549600000000000000e+04,3.416963988999999913e+01,0.000000000000000000e+00,0.000000000000000000e+00,-8.240353534085114173e-01
3.271700000000000000e+04,1.624447349000000074e+01,0.000000000000000000e+00,0.000000000000000000e+00,-8.240353534085114173e-01
7.617100000000000000e+04,4.077547269000000085e+00,0.000000000000000000e+00,0.000000000000000000e+00,-8.240353534085114173e-01
4.671300000000000000e+04,1.537542662000000071e+01,0.000000000000000000e+00,0.000000000000000000e+00,-8.240353534085114173e-01
4.975000000000000000e+04,8.154756083000000544e+00,0.000000000000000000e+00,0.000000000000000000e+00,-8.240353534085114173e-01
4.886500000000000000e+04,1.307844225000000016e+01,0.000000000000000000e+00,0.000000000000000000e+00,-8.240353534085114173e-01
3.822900000000000000e+04,2.082463085999999919e+01,0.000000000000000000e+00,0.000000000000000000e+00,-8.240353534085114173e-01
3.884600000000000000e+04,1.596810493000000086e+01,0.000000000000000000e+00,0.000000000000000000e+00,-8.240353534085114173e-01
4.047700000000000000e+04,1.456726010999999943e+01,0.000000000000000000e+00,0.000000000000000000e+00,-8.240353534085114173e-01
3.673300000000000000e+04,1.729220847999999933e+01,0.000000000000000000e+00,0.000000000000000000e+00,-8.240353534085114173e-01
2.663300000000000000e+04,2.722569908999999910e+01,0.000000000000000000e+00,0.000000000000000000e+00,-8.240353534085114173e-01
4.111600000000000000e+04,1.845828110000000066e+01,0.000000000000000000e+00,0.000000000000000000e+00,-8.240353534085114173e-01
3.405500000000000000e+04,2.006107803000000089e+01,0.000000000000000000e+00,0.000000000000000000e+00,-8.240353534085114173e-01
3.358600000000000000e+04,2.026776575999999963e+01,0.000000000000000000e+00,0.000000000000000000e+00,-8.240353534085114173e-01
4.510500000000000000e+04,1.325517126999999995e+01,0.000000000000000000e+00,0.000000000000000000e+00,-8.240353534085114173e-01
2.603200000000000000e+04,3.197651699000000036e+01,0.000000000000000000e+00,0.000000000000000000e+00,-8.240353534085114173e-01
4.162900000000000000e+04,2.224632777000000061e+01,0.000000000000000000e+00,0.000000000000000000e+00,-8.240353534085114173e-01
5.564900000000000000e+04,1.246976500000000065e+01,0.000000000000000000e+00,0.000000000000000000e+00,-8.240353534085114173e-01
3.206000000000000000e+04,1.340305921999999939e+01,0.000000000000000000e+00,0.000000000000000000e+00,-8.240353534085114173e-01
6.148300000000000000e+04,6.538191884999999814e+00,0.000000000000000000e+00,0.000000000000000000e+00,-8.240353534085114173e-01
5.029800000000000000e+04,1.622324970000000022e+01,0.000000000000000000e+00,0.000000000000000000e+00,-8.240353534085114173e-01
3.027100000000000000e+04,2.124297504999999830e+01,0.000000000000000000e+00,0.000000000000000000e+00,-8.240353534085114173e-01
4.077800000000000000e+04,1.743089463000000094e+01,0.000000000000000000e+00,0.000000000000000000e+00,-8.240353534085114173e-01
9.367700000000000000e+04,2.409092454000000050e+00,0.000000000000000000e+00,0.000000000000000000e+00,-8.240353534085114173e-01
4.965000000000000000e+04,1.933540967000000066e+01,0.000000000000000000e+00,0.000000000000000000e+00,-8.240353534085114173e-01
4.160200000000000000e+04,1.240782858999999938e+01,0.000000000000000000e+00,0.000000000000000000e+00,-8.240353534085114173e-01
5.079300000000000000e+04,1.202457586000000056e+01,0.000000000000000000e+00,0.000000000000000000e+00,-8.240353534085114173e-01
7.140500000000000000e+04,3.569078726999999951e+00,0.000000000000000000e+00,0.000000000000000000e+00,-8.240353534085114173e-01
3.689400000000000000e+04,2.292207855999999921e+01,0.000000000000000000e+00,0.000000000000000000e+00,-8.240353534085114173e-01
7.214100000000000000e+04,6.269542804000000302e+00,0.000000000000000000e+00,0.000000000000000000e+00,-8.240353534085114173e-01
4.400000000000000000e+04,1.314007389000000003e+01,0.000000000000000000e+00,0.000000000000000000e+00,-8.240353534085114173e-01
4.139800000000000000e+04,1.069323252000000046e+01,0.000000000000000000e+00,0.000000000000000000e+00,-8.240353534085114173e-01
4.157800000000000000e+04,1.514632102999999930e+01,0.000000000000000000e+00,0.000000000000000000e+00,-8.240353534085114173e-01
3.887800000000000000e+04,2.094021066000000175e+01,0.000000000000000000e+00,0.000000000000000000e+00,-8.240353534085114173e-01
3.496200000000000000e+04,1.806867923000000076e+01,0.000000000000000000e+00,0.000000000000000000e+00,-8.240353534085114173e-01
8.282700000000000000e+04,1.054881276000000057e+01,0.000000000000000000e+00,0.000000000000000000e+00,-8.240353534085114173e-01
4.654300000000000000e+04,1.313856529999999978e+01,0.000000000000000000e+00,0.000000000000000000e+00,-8.240353534085114173e-01
4.226900000000000000e+04,1.777838527000000113e+01,0.000000000000000000e+00,0.000000000000000000e+00,-8.240353534085114173e-01
3.117700000000000000e+04,2.599604822999999953e+01,0.000000000000000000e+00,0.000000000000000000e+00,-8.240353534085114173e-01
4.417300000000000000e+04,1.222546481999999912e+01,0.000000000000000000e+00,0.000000000000000000e+00,-8.240353534085114173e-01
4.031000000000000000e+04,1.835168678000000142e+01,0.000000000000000000e+00,0.000000000000000000e+00,-8.240353534085114173e-01
5.617500000000000000e+04,1.009692736000000046e+01,0.000000000000000000e+00,0.000000000000000000e+00,-8.240353534085114173e-01
3.115200000000000000e+04,3.022055220000000020e+01,0.000000000000000000e+00,0.000000000000000000e+00,-8.240353534085114173e-01
3.315700000000000000e+04,2.051604516000000089e+01,0.000000000000000000e+00,0.000000000000000000e+00,-8.240353534085114173e-01
4.106900000000000000e+04,1.646311719999999923e+01,0.000000000000000000e+00,0.000000000000000000e+00,-8.240353534085114173e-01
5.109500000000000000e+04,1.109540716000000060e+01,0.000000000000000000e+00,0.000000000000000000e+00,-8.240353534085114173e-01
4.195800000000000000e+04,1.370815864000000062e+01,0.000000000000000000e+00,0.000000000000000000e+00,-8.240353534085114173e-01
4.688800000000000000e+04,1.114754787999999941e+01,0.000000000000000000e+00,0.000000000000000000e+00,-8.240353534085114173e-01
5.005300000000000000e+04,1.278550148999999969e+01,0.000000000000000000e+00,0.000000000000000000e+00,-8.240353534085114173e-01
4.089600000000000000e+04,1.610279334000000162e+01,0.000000000000000000e+00,0.000000000000000000e+00,-8.240353534085114173e-01
3.047300000000000000e+04,2.502637963999999826e+01,0.000000000000000000e+00,0.000000000000000000e+00,-8.240353534085114173e-01
3.915800000000000000e+04,1.711898241000000098e+01,0.000000000000000000e+00,0.000000000000000000e+00,-8.240353534085114173e-01
2.974100000000000000e+04,2.617659584000000095e+01,0.000000000000000000e+00,0.000000000000000000e+00,-8.240353534085114173e-01
8.408100000000000000e+04,5.292418772999999632e+00,0.000000000000000000e+00,0.000000000000000000e+00,-8.240353534085114173e-01
3.557400000000000000e+04,1.433348243999999916e+01,0.000000000000000000e+00,0.000000000000000000e+00,-8.240353534085114173e-01
6.618600000000000000e+04,5.316400960000000175e+00,0.000000000000000000e+00,0.000000000000000000e+00,-8.240353534085114173e-01
5.023400000000000000e+04,1.041363761000000032e+01,0.000000000000000000e+00,0.000000000000000000e+00,-8.240353534085114173e-01
4.427700000000000000e+04,2.008840319000000108e+01,0.000000000000000000e+00,0.000000000000000000e+00,-8.240353534085114173e-01
3.436700000000000000e+04,2.436315586999999994e+01,0.000000000000000000e+00,0.000000000000000000e+00,-8.240353534085114173e-01
3.201900000000000000e+04,3.078392589999999984e+01,0.000000000000000000e+00,0.000000000000000000e+00,-8.240353534085114173e-01
3.661300000000000000e+04,9.607631036000000790e+00,0.000000000000000000e+00,0.000000000000000000e+00,-8.240353534085114173e-01
2.936300000000000000e+04,2.748584127999999893e+01,0.000000000000000000e+00,0.000000000000000000e+00,-8.240353534085114173e-01
4.786300000000000000e+04,1.172702184000000081e+01,0.000000000000000000e+00,0.000000000000000000e+00,-8.240353534085114173e-01
3.598900000000000000e+04,1.823573512999999835e+01,0.000000000000000000e+00,0.000000000000000000e+00,-8.240353534085114173e-01
3.160400000000000000e+04,3.307469671999999861e+01,0.000000000000000000e+00,0.000000000000000000e+00,-8.240353534085114173e-01
3.695200000000000000e+04,2.010138329999999840e+01,0.000000000000000000e+00,0.000000000000000000e+00,-8.240353534085114173e-01
7.090000000000000000e+04,5.552314727999999810e+00,0.000000000000000000e+00,0.000000000000000000e+00,-8.240353534085114173e-01
5.070300000000000000e+04,7.732972707000000057e+00,0.000000000000000000e+00,0.000000000000000000e+00,-8.240353534085114173e-01
4.244200000000000000e+04,1.488722691999999981e+01,0.000000000000000000e+00,0.000000000000000000e+00,-8.240353534085114173e-01
4.579000000000000000e+04,1.221421151000000016e+01,0.000000000000000000e+00,0.000000000000000000e+00,-8.240353534085114173e-01
3.988200000000000000e+04,1.498755440999999955e+01,0.000000000000000000e+00,0.000000000000000000e+00,-8.240353534085114173e-01
9.663200000000000000e+04,6.159170345999999796e+00,0.000000000000000000e+00,0.000000000000000000e+00,-8.240353534085114173e-01
6.651200000000000000e+04,2.488961032999999823e+00,0.000000000000000000e+00,0.000000000000000000e+00,-8.240353534085114173e-01
4.374600000000000000e+04,1.923874594000000116e+01,0.000000000000000000e+00,0.000000000000000000e+00,-8.240353534085114173e-01
5.142000000000000000e+04,9.340905496999999613e+00,0.000000000000000000e+00,0.000000000000000000e+00,-8.240353534085114173e-01
3.498500000000000000e+04,1.953935943999999836e+01,0.000000000000000000e+00,0.000000000000000000e+00,-8.240353534085114173e-01
3.093600000000000000e+04,1.756368746000000058e+01,0.000000000000000000e+00,0.000000000000000000e+00,-8.240353534085114173e-01
4.266700000000000000e+04,2.011084444000000104e+01,0.000000000000000000e+00,0.000000000000000000e+00,-8.240353534085114173e-01
3.866400000000000000e+04,1.528529085000000087e+01,0.000000000000000000e+00,0.000000000000000000e+00,-8.240353534085114173e-01
4.127200000000000000e+04,2.069519329999999968e+01,0.000000000000000000e+00,0.000000000000000000e+00,-8.240353534085114173e-01
3.385300000000000000e+04,1.983831315000000117e+01,0.000000000000000000e+00,0.000000000000000000e+00,-8.240353534085114173e-01
3.574400000000000000e+04,1.910422770999999997e+01,0.000000000000000000e+00,0.000000000000000000e+00,-8.240353534085114173e-01
3.545400000000000000e+04,2.122334713000000050e+01,0.000000000000000000e+00,0.000000000000000000e+00,-8.240353534085114173e-01
3.473800000000000000e+04,2.858662985000000134e+01,0.000000000000000000e+00,0.000000000000000000e+00,-8.240353534085114173e-01
2.395600000000000000e+04,3.368036957999999714e+01,0.000000000000000000e+00,0.000000000000000000e+00,-8.240353534085114173e-01
4.592800000000000000e+04,1.768209833999999958e+01,0.000000000000000000e+00,0.000000000000000000e+00,-8.240353534085114173e-01
5.040400000000000000e+04,1.292319026999999920e+01,0.000000000000000000e+00,0.000000000000000000e+00,-8.240353534085114173e-01
3.500400000000000000e+04,2.703242754000000048e+01,0.000000000000000000e+00,0.000000000000000000e+00,-8.240353534085114173e-01
6.961100000000000000e+04,6.116367591000000381e+00,0.000000000000000000e+00,0.000000000000000000e+00,-8.240353534085114173e-01
4.056400000000000000e+04,1.362256376999999929e+01,0.000000000000000000e+00,0.000000000000000000e+00,-8.240353534085114173e-01
4.047100000000000000e+04,1.042243176999999932e+01,0.000000000000000000e+00,0.000000000000000000e+00,-8.240353534085114173e-01
3.324400000000000000e+04,2.364904307999999844e+01,0.000000000000000000e+00,0.000000000000000000e+00,-8.240353534085114173e-01
3.279100000000000000e+04,2.427525621999999927e+01,0.000000000000000000e+00,0.000000000000000000e+00,-8.240353534085114173e-01
4.486100000000000000e+04,1.185647531999999948e+01,0.000000000000000000e+00,0.000000000000000000e+00,-8.240353534085114173e-01
4.746600000000000000e+04,9.939125623000000687e+00,0.000000000000000000e+00,0.000000000000000000e+00,-8.240353534085114173e-01
4.304400000000000000e+04,1.068839761000000088e+01,0.000000000000000000e+00,0.000000000000000000e+00,-8.240353534085114173e-01
3.376300000000000000e+04,1.423066859999999956e+01,0.000000000000000000e+00,0.000000000000000000e+00,-8.240353534085114173e-01
2.521100000000000000e+04,2.832593325999999934e+01,0.000000000000000000e+00,0.000000000000000000e+00,-8.240353534085114173e-01
3.289300000000000000e+04,1.703276287999999994e+01,0.000000000000000000e+00,0.000000000000000000e+00,-8.240353534085114173e-01
4.166000000000000000e+04,1.510594191999999936e+01,0.000000000000000000e+00,0.000000000000000000e+00,-8.240353534085114173e-01
3.266600000000000000e+04,2.487477744999999985e+01,0.000000000000000000e+00,0.000000000000000000e+00,-8.240353534085114173e-01
4.182900000000000000e+04,2.082896298000000002e+01,0.000000000000000000e+00,0.000000000000000000e+00,-8.240353534085114173e-01
5.794100000000000000e+04,8.301166712000000558e+00,0.000000000000000000e+00,0.000000000000000000e+00,-8.240353534085114173e-01
9.085500000000000000e+04,3.409759617999999826e+00,0.000000000000000000e+00,0.000000000000000000e+00,-8.240353534085114173e-01
6.333000000000000000e+04,1.110096313999999929e+01,0.000000000000000000e+00,0.000000000000000000e+00,-8.240353534085114173e-01
3.110700000000000000e+04,2.396993851999999947e+01,0.000000000000000000e+00,0.000000000000000000e+00,-8.240353534085114173e-01
4.576900000000000000e+04,1.340477515000000075e+01,0.000000000000000000e+00,0.000000000000000000e+00,-8.240353534085114173e-01
4.058200000000000000e+04,1.698697178000000108e+01,0.000000000000000000e+00,0.000000000000000000e+00,-8.240353534085114173e-01
5.611100000000000000e+04,1.324469110999999977e+01,0.000000000000000000e+00,0.000000000000000000e+00,-8.240353534085114173e-01
4.590800000000000000e+04,1.326632548000000078e+01,0.000000000000000000e+00,0.000000000000000000e+00,-8.240353534085114173e-01
7.541100000000000000e+04,6.645829432000000203e+00,0.000000000000000000e+00,0.000000000000000000e+00,-8.240353534085114173e-01
2.821200000000000000e+04,2.422813714999999846e+01,0.000000000000000000e+00,0.000000000000000000e+00,-8.240353534085114173e-01
3.965200000000000000e+04,1.816839527999999859e+01,0.000000000000000000e+00,0.000000000000000000e+00,-8.240353534085114173e-01
6.302800000000000000e+04,6.652619520000000009e+00,0.000000000000000000e+00,0.000000000000000000e+00,-8.240353534085114173e-01
3.780400000000000000e+04,2.015151287000000124e+01,0.000000000000000000e+00,0.000000000000000000e+00,-8.240353534085114173e-01
5.704000000000000000e+04,8.800242765000000134e+00,0.000000000000000000e+00,0.000000000000000000e+00,-8.240353534085114173e-01
9.333800000000000000e+04,2.469904383999999897e+00,0.000000000000000000e+00,0.000000000000000000e+00,-8.240353534085114173e-01
5.705600000000000000e+04,5.618915824000000114e+00,0.000000000000000000e+00,0.000000000000000000e+00,-8.240353534085114173e-01
4.021400000000000000e+04,1.457447625000000002e+01,0.000000000000000000e+00,0.000000000000000000e+00,-8.240353534085114173e-01
3.184500000000000000e+04,2.007857295000000164e+01,0.000000000000000000e+00,0.000000000000000000e+00,-8.240353534085114173e-01
3.930300000000000000e+04,1.882910486000000105e+01,0.000000000000000000e+00,0.000000000000000000e+00,-8.240353534085114173e-01
3.060300000000000000e+04,2.717560525000000027e+01,0.000000000000000000e+00,0.000000000000000000e+00,-8.240353534085114173e-01
3.071100000000000000e+04,2.445962988999999865e+01,0.000000000000000000e+00,0.000000000000000000e+00,-8.240353534085114173e-01
6.636300000000000000e+04,1.102334169000000053e+01,0.000000000000000000e+00,0.000000000000000000e+00,-8.240353534085114173e-01
4.343400000000000000e+04,1.906619388000000015e+01,0.000000000000000000e+00,0.000000000000000000e+00,-8.240353534085114173e-01
3.066500000000000000e+04,2.481516715000000062e+01,0.000000000000000000e+00,0.000000000000000000e+00,-8.240353534085114173e-01
9.742800000000000000e+04,6.401682798000000396e+00,0.000000000000000000e+00,0.000000000000000000e+00,-8.240353534085114173e-01
4.664100000000000000e+04,1.380131180000000057e+01,0.000000000000000000e+00,0.000000000000000000e+00,-8.240353534085114173e-01
9.174600000000000000e+04,5.376109149000000365e+00,0.000000000000000000e+00,0.000000000000000000e+00,-8.240353534085114173e-01
3.692000000000000000e+04,1.774902962999999900e+01,0.000000000000000000e+00,0.000000000000000000e+00,-8.240353534085114173e-01
3.863600000000000000e+04,1.895269784999999985e+01,0.000000000000000000e+00,0.000000000000000000e+00,-8.240353534085114173e-01
3.101700000000000000e+04,2.254579412000000005e+01,0.000000000000000000e+00,0.000000000000000000e+00,-8.240353534085114173e-01
5.318300000000000000e+04,1.238189193999999915e+01,0.000000000000000000e+00,0.000000000000000000e+00,-8.240353534085114173e-01
5.113700000000000000e+04,1.010062856999999958e+01,0.000000000000000000e+00,0.000000000000000000e+00,-8.240353534085114173e-01
6.574100000000000000e+04,8.057490274999999258e+00,0.000000000000000000e+00,0.000000000000000000e+00,-8.240353534085114173e-01
4.412400000000000000e+04,1.828563455999999832e+01,0.000000000000000000e+00,0.000000000000000000e+00,-8.240353534085114173e-01
5.538200000000000000e+04,6.324137632000000231e+00,0.000000000000000000e+00,0.000000000000000000e+00,-8.240353534085114173e-01
3.616200000000000000e+04,1.777027676999999883e+01,0.000000000000000000e+00,0.000000000000000000e+00,-8.240353534085114173e-01
7.579600000000000000e+04,2.712954320000000141e+00,0.000000000000000000e+00,0.000000000000000000e+00,-8.240353534085114173e-01
3.905800000000000000e+04,2.094693712000000119e+01,0.000000000000000000e+00,0.000000000000000000e+00,-8.240353534085114173e-01
3.737500000000000000e+04,1.866625940999999855e+01,0.000000000000000000e+00,0.000000000000000000e+00,-8.240353534085114173e-01
6.623000000000000000e+04,8.400826676999999520e+00,0.000000000000000000e+00,0.000000000000000000e+00,-8.240353534085114173e-01
4.048400000000000000e+04,1.533137770000000089e+01,0.000000000000000000e+00,0.000000000000000000e+00,-8.240353534085114173e-01
4.634400000000000000e+04,1.494669674000000015e+01,0.000000000000000000e+00,0.000000000000000000e+00,-8.240353534085114173e-01
6.969500000000000000e+04,7.847481512999999964e+00,0.000000000000000000e+00,0.000000000000000000e+00,-8.240353534085114173e-01
4.679700000000000000e+04,1.126541768000000054e+01,0.000000000000000000e+00,0.000000000000000000e+00,-8.240353534085114173e-01
3.669900000000000000e+04,1.511252417000000037e+01,0.000000000000000000e+00,0.000000000000000000e+00,-8.240353534085114173e-01
6.480400000000000000e+04,4.288656213000000328e+00,0.000000000000000000e+00,0.000000000000000000e+00,-8.240353534085114173e-01
4.895200000000000000e+04,1.650945773000000116e+01,0.000000000000000000e+00,0.000000000000000000e+00,-8.240353534085114173e-01
6.466600000000000000e+04,3.404119246000000043e+00,0.000000000000000000e+00,0.000000000000000000e+00,-8.240353534085114173e-01
4.074800000000000000e+04,1.016615288999999933e+01,0.000000000000000000e+00,0.000000000000000000e+00,-8.240353534085114173e-01
4.653600000000000000e+04,1.769547036999999889e+01,0.000000000000000000e+00,0.000000000000000000e+00,-8.240353534085114173e-01
4.191600000000000000e+04,1.469445795999999937e+01,0.000000000000000000e+00,0.000000000000000000e+00,-8.240353534085114173e-01
4.784300000000000000e+04,6.482763829999999672e+00,0.000000000000000000e+00,0.000000000000000000e+00,-8.240353534085114173e-01
5.123300000000000000e+04,1.409594268000000028e+01,0.000000000000000000e+00,0.000000000000000000e+00,-8.240353534085114173e-01
3.764200000000000000e+04,1.893932313999999906e+01,0.000000000000000000e+00,0.000000000000000000e+00,-8.240353534085114173e-01
2.996300000000000000e+04,2.731700856000000144e+01,0.000000000000000000e+00,0.000000000000000000e+00,-8.240353534085114173e-01
3.498700000000000000e+04,2.409733337000000120e+01,0.000000000000000000e+00,0.000000000000000000e+00,-8.240353534085114173e-01
3.640700000000000000e+04,1.876786106999999859e+01,0.000000000000000000e+00,0.000000000000000000e+00,-8.240353534085114173e-01
5.584700000000000000e+04,8.748130741000000654e+00,0.000000000000000000e+00,0.000000000000000000e+00,-8.240353534085114173e-01
6.041700000000000000e+04,5.409374356999999911e+00,0.000000000000000000e+00,0.000000000000000000e+00,-8.240353534085114173e-01
4.027600000000000000e+04,1.580526185999999988e+01,0.000000000000000000e+00,0.000000000000000000e+00,-8.240353534085114173e-01
3.257300000000000000e+04,2.450233542999999869e+01,0.000000000000000000e+00,0.000000000000000000e+00,-8.240353534085114173e-01
4.235300000000000000e+04,1.640355677000000156e+01,0.000000000000000000e+00,0.000000000000000000e+00,-8.240353534085114173e-01
3.027800000000000000e+04,2.318099417000000173e+01,0.000000000000000000e+00,0.000000000000000000e+00,-8.240353534085114173e-01
7.156000000000000000e+04,6.260196245000000381e+00,0.000000000000000000e+00,0.000000000000000000e+00,-8.240353534085114173e-01
6.025600000000000000e+04,9.027636083000000866e+00,0.000000000000000000e+00,0.000000000000000000e+00,-8.240353534085114173e-01
1.010220000000000000e+05,4.177982035000000316e+00,0.000000000000000000e+00,0.000000000000000000e+00,-8.240353534085114173e-01
7.439700000000000000e+04,4.431705756000000385e+00,0.000000000000000000e+00,0.000000000000000000e+00,-8.240353534085114173e-01
4.180500000000000000e+04,1.336541446999999927e+01,0.000000000000000000e+00,0.000000000000000000e+00,-8.240353534085114173e-01
4.039000000000000000e+04,1.444378872999999963e+01,0.000000000000000000e+00,0.000000000000000000e+00,-8.240353534085114173e-01
2.780200000000000000e+04,2.267503669999999971e+01,0.000000000000000000e+00,0.000000000000000000e+00,-8.240353534085114173e-01
4.929600000000000000e+04,5.833183387000000053e+00,0.000000000000000000e+00,0.000000000000000000e+00,-8.240353534085114173e-01
4.228700000000000000e+04,1.776143519000000026e+01,0.000000000000000000e+00,0.000000000000000000e+00,-8.240353534085114173e-01
4.017200000000000000e+04,1.681422481999999974e+01,0.000000000000000000e+00,0.000000000000000000e+00,-8.240353534085114173e-01
3.420200000000000000e+04,2.943419819000000004e+01,0.000000000000000000e+00,0.000000000000000000e+00,-8.240353534085114173e-01
3.160300000000000000e+04,2.828346768000000111e+01,0.000000000000000000e+00,0.000000000000000000e+00,-8.240353534085114173e-01
3.126100000000000000e+04,2.334862431000000171e+01,0.000000000000000000e+00,0.000000000000000000e+00,-8.240353534085114173e-01
5.952600000000000000e+04,5.811132255000000413e+00,0.000000000000000000e+00,0.000000000000000000e+00,-8.240353534085114173e-01
3.815600000000000000e+04,2.069010383000000175e+01,0.000000000000000000e+00,0.000000000000000000e+00,-8.240353534085114173e-01
4.813100000000000000e+04,1.546217631999999931e+01,0.000000000000000000e+00,0.000000000000000000e+00,-8.240353534085114173e-01
7.196700000000000000e+04,6.673300578000000094e+00,0.000000000000000000e+00,0.000000000000000000e+00,-8.240353534085114173e-01
2.402600000000000000e+04,3.508326172000000298e+01,0.000000000000000000e+00,0.000000000000000000e+00,-8.240353534085114173e-01
4.289100000000000000e+04,1.079044591999999980e+01,0.000000000000000000e+00,0.000000000000000000e+00,-8.240353534085114173e-01
5.211100000000000000e+04,1.073918727999999945e+01,0.000000000000000000e+00,0.000000000000000000e+00,-8.240353534085114173e-01
8.559400000000000000e+04,2.619035999999999920e+00,0.000000000000000000e+00,0.000000000000000000e+00,-8.240353534085114173e-01
6.782900000000000000e+04,1.345990437000000028e+01,0.000000000000000000e+00,0.000000000000000000e+00,-8.240353534085114173e-01
4.221400000000000000e+04,1.376208912000000062e+01,0.000000000000000000e+00,0.000000000000000000e+00,-8.240353534085114173e-01
5.044600000000000000e+04,1.180850376000000068e+01,0.000000000000000000e+00,0.000000000000000000e+00,-8.240353534085114173e-01
6.393200000000000000e+04,7.164481259999999629e+00,0.000000000000000000e+00,0.000000000000000000e+00,-8.240353534085114173e-01
5.279400000000000000e+04,1.556654349000000082e+01,0.000000000000000000e+00,0.000000000000000000e+00,-8.240353534085114173e-01
3.439600000000000000e+04,1.854983487999999880e+01,0.000000000000000000e+00,0.000000000000000000e+00,-8.240353534085114173e-01
4.727000000000000000e+04,5.962521295000000165e+00,0.000000000000000000e+00,0.000000000000000000e+00,-8.240353534085114173e-01
5.041600000000000000e+04,1.408573119999999967e+01,0.000000000000000000e+00,0.000000000000000000e+00,-8.240353534085114173e-01
3.243200000000000000e+04,1.682949083000000101e+01,0.000000000000000000e+00,0.000000000000000000e+00,-8.240353534085114173e-01
5.400000000000000000e+04,5.714578144999999942e+00,0.000000000000000000e+00,0.000000000000000000e+00,-8.240353534085114173e-01
2.665000000000000000e+04,2.995622761999999994e+01,0.000000000000000000e+00,0.000000000000000000e+00,-8.240353534085114173e-01
8.093700000000000000e+04,4.678721159000000185e+00,0.000000000000000000e+00,0.000000000000000000e+00,-8.240353534085114173e-01
3.535600000000000000e+04,1.831662113000000147e+01,0.000000000000000000e+00,0.000000000000000000e+00,-8.240353534085114173e-01
6.229100000000000000e+04,4.591150963999999668e+00,0.000000000000000000e+00,0.000000000000000000e+00,-8.240353534085114173e-01
6.843000000000000000e+04,2.971356368999999997e+00,0.000000000000000000e+00,0.000000000000000000e+00,-8.240353534085114173e-01
6.019000000000000000e+04,8.806411837000000631e+00,0.000000000000000000e+00,0.000000000000000000e+00,-8.240353534085114173e-01
4.486700000000000000e+04,1.918715704999999971e+01,0.000000000000000000e+00,0.000000000000000000e+00,-8.240353534085114173e-01
3.925900000000000000e+04,1.678255912999999921e+01,0.000000000000000000e+00,0.000000000000000000e+00,-8.240353534085114173e-01
5.016500000000000000e+04,2.013730861999999888e+01,0.000000000000000000e+00,0.000000000000000000e+00,-8.240353534085114173e-01
3.728700000000000000e+04,1.688321652000000128e+01,0.000000000000000000e+00,0.000000000000000000e+00,-8.240353534085114173e-01
3.644500000000000000e+04,1.768811048999999969e+01,0.000000000000000000e+00,0.000000000000000000e+00,-8.240353534085114173e-01
4.018600000000000000e+04,1.869623603000000145e+01,0.000000000000000000e+00,0.000000000000000000e+00,-8.240353534085114173e-01
3.391500000000000000e+04,2.807394332000000148e+01,0.000000000000000000e+00,0.000000000000000000e+00,-8.240353534085114173e-01
5.757400000000000000e+04,1.086448365000000038e+01,0.000000000000000000e+00,0.000000000000000000e+00,-8.240353534085114173e-01
5.563700000000000000e+04,1.345619454999999931e+01,0.000000000000000000e+00,0.000000000000000000e+00,-8.240353534085114173e-01
5.749600000000000000e+04,1.222318875000000027e+01,0.000000000000000000e+00,0.000000000000000000e+00,-8.240353534085114173e-01
7.092100000000000000e+04,9.969384802000000434e+00,0.000000000000000000e+00,0.000000000000000000e+00,-8.240353534085114173e-01
5.523500000000000000e+04,7.421607735000000261e+00,0.000000000000000000e+00,0.000000000000000000e+00,-8.240353534085114173e-01
6.731300000000000000e+04,7.048984467999999559e+00,0.000000000000000000e+00,0.000000000000000000e+00,-8.240353534085114173e-01
7.670400000000000000e+04,6.963079138000000334e+00,0.000000000000000000e+00,0.000000000000000000e+00,-8.240353534085114173e-01
6.597100000000000000e+04,5.397190410000000327e+00,0.000000000000000000e+00,0.000000000000000000e+00,-8.240353534085114173e-01
6.712000000000000000e+04,7.003949708999999579e+00,0.000000000000000000e+00,0.000000000000000000e+00,-8.240353534085114173e-01
4.743800000000000000e+04,1.726934079000000111e+01,0.000000000000000000e+00,0.000000000000000000e+00,-8.240353534085114173e-01
6.118200000000000000e+04,1.374179866000000061e+01,0.000000000000000000e+00,0.000000000000000000e+00,-8.240353534085114173e-01
7.128400000000000000e+04,9.314703924999999884e+00,0.000000000000000000e+00,0.000000000000000000e+00,-8.240353534085114173e-01
7.475900000000000000e+04,6.412380541000000100e+00,0.000000000000000000e+00,0.000000000000000000e+00,-8.240353534085114173e-01
4.517700000000000000e+04,1.562617836999999987e+01,0.000000000000000000e+00,0.000000000000000000e+00,-8.240353534085114173e-01
4.520000000000000000e+04,1.932156721000000132e+01,0.000000000000000000e+00,0.000000000000000000e+00,-8.240353534085114173e-01
5.527400000000000000e+04,7.113086969000000259e+00,0.000000000000000000e+00,0.000000000000000000e+00,-8.240353534085114173e-01
5.145400000000000000e+04,1.092045493000000000e+01,0.000000000000000000e+00,0.000000000000000000e+00,-8.240353534085114173e-01
3.088700000000000000e+04,2.284293878000000078e+01,0.000000000000000000e+00,0.000000000000000000e+00,-8.240353534085114173e-01
6.482800000000000000e+04,5.063618162000000034e+00,0.000000000000000000e+00,0.000000000000000000e+00,-8.240353534085114173e-01
6.005700000000000000e+04,7.082752519999999663e+00,0.000000000000000000e+00,0.000000000000000000e+00,-8.240353534085114173e-01
2.828200000000000000e+04,2.286997523000000143e+01,0.000000000000000000e+00,0.000000000000000000e+00,-8.240353534085114173e-01
4.929700000000000000e+04,1.234053203999999937e+01,0.000000000000000000e+00,0.000000000000000000e+00,-8.240353534085114173e-01
6.494000000000000000e+04,5.979638300999999601e+00,0.000000000000000000e+00,0.000000000000000000e+00,-8.240353534085114173e-01
3.202700000000000000e+04,2.526339374000000149e+01,0.000000000000000000e+00,0.000000000000000000e+00,-8.240353534085114173e-01
5.949000000000000000e+04,5.675565241000000150e+00,0.000000000000000000e+00,0.000000000000000000e+00,-8.240353534085114173e-01
7.869200000000000000e+04,4.040516760000000041e+00,0.000000000000000000e+00,0.000000000000000000e+00,-8.240353534085114173e-01
3.903700000000000000e+04,1.597792968999999985e+01,0.000000000000000000e+00,0.000000000000000000e+00,-8.240353534085114173e-01
4.434100000000000000e+04,1.234566030000000048e+01,0.000000000000000000e+00,0.000000000000000000e+00,-8.240353534085114173e-01
5.711800000000000000e+04,1.699768930000000111e+01,0.000000000000000000e+00,0.000000000000000000e+00,-8.240353534085114173e-01
3.186700000000000000e+04,2.284502963999999992e+01,0.000000000000000000e+00,0.000000000000000000e+00,-8.240353534085114173e-01
4.065300000000000000e+04,1.431018208000000058e+01,0.000000000000000000e+00,0.000000000000000000e+00,-8.240353534085114173e-01
4.942700000000000000e+04,8.948354294999999681e+00,0.000000000000000000e+00,0.000000000000000000e+00,-8.240353534085114173e-01
5.141300000000000000e+04,6.858410016999999748e+00,0.000000000000000000e+00,0.000000000000000000e+00,-8.240353534085114173e-01
3.475200000000000000e+04,1.733933658000000122e+01,0.000000000000000000e+00,0.000000000000000000e+00,-8.240353534085114173e-01
3.717800000000000000e+04,1.647851920000000092e+01,0.000000000000000000e+00,0.000000000000000000e+00,-8.240353534085114173e-01
4.173500000000000000e+04,1.038850066000000005e+01,0.000000000000000000e+00,0.000000000000000000e+00,-8.240353534085114173e-01
5.074200000000000000e+04,8.838358518999999802e+00,0.000000000000000000e+00,0.000000000000000000e+00,-8.240353534085114173e-01
4.305400000000000000e+04,1.340445479999999989e+01,0.000000000000000000e+00,0.000000000000000000e+00,-8.240353534085114173e-01
2.992200000000000000e+04,2.955296145000000152e+01,0.000000000000000000e+00,0.000000000000000000e+00,-8.240353534085114173e-01
2.943300000000000000e+04,1.804558945999999864e+01,0.000000000000000000e+00,0.000000000000000000e+00,-8.240353534085114173e-01
3.929300000000000000e+04,1.333747941000000026e+01,0.000000000000000000e+00,0.000000000000000000e+00,-8.240353534085114173e-01
3.312700000000000000e+04,1.494077021000000016e+01,0.000000000000000000e+00,0.000000000000000000e+00,-8.240353534085114173e-01
3.087400000000000000e+04,2.541928958000000094e+01,0.000000000000000000e+00,0.000000000000000000e+00,-8.240353534085114173e-01
4.410300000000000000e+04,1.857203618999999861e+01,0.000000000000000000e+00,0.000000000000000000e+00,-8.240353534085114173e-01
3.794700000000000000e+04,1.439091535000000022e+01,0.000000000000000000e+00,0.000000000000000000e+00,-8.240353534085114173e-01
6.663800000000000000e+04,8.715340554000000850e+00,0.000000000000000000e+00,0.000000000000000000e+00,-8.240353534085114173e-01
6.001000000000000000e+04,8.201849173999999465e+00,0.000000000000000000e+00,0.000000000000000000e+00,-8.240353534085114173e-01
4.111800000000000000e+04,2.006501150000000067e+01,0.000000000000000000e+00,0.000000000000000000e+00,-8.240353534085114173e-01
6.048400000000000000e+04,1.163222181999999982e+01,0.000000000000000000e+00,0.000000000000000000e+00,-8.240353534085114173e-01
8.623100000000000000e+04,5.684724650999999795e+00,0.000000000000000000e+00,0.000000000000000000e+00,-8.240353534085114173e-01
7.444900000000000000e+04,7.877681285999999616e+00,0.000000000000000000e+00,0.000000000000000000e+00,-8.240353534085114173e-01
4.440900000000000000e+04,1.008029274000000086e+01,0.000000000000000000e+00,0.000000000000000000e+00,-8.240353534085114173e-01
4.106400000000000000e+04,1.549329155999999941e+01,0.000000000000000000e+00,0.000000000000000000e+00,-8.240353534085114173e-01
5.395800000000000000e+04,7.446971521000000038e+00,0.000000000000000000e+00,0.000000000000000000e+00,-8.240353534085114173e-01
2.593500000000000000e+04,3.129502696999999856e+01,0.000000000000000000e+00,0.000000000000000000e+00,-8.240353534085114173e-01
4.029000000000000000e+04,1.694488980999999939e+01,0.000000000000000000e+00,0.000000000000000000e+00,-8.240353534085114173e-01
3.576500000000000000e+04,2.225974911000000134e+01,0.000000000000000000e+00,0.000000000000000000e+00,-8.240353534085114173e-01
3.856800000000000000e+04,1.832802986000000089e+01,0.000000000000000000e+00,0.000000000000000000e+00,-8.240353534085114173e-01
6.790300000000000000e+04,6.788553440000000272e+00,0.000000000000000000e+00,0.000000000000000000e+00,-8.240353534085114173e-01
4.564400000000000000e+04,1.345988924999999981e+01,0.000000000000000000e+00,0.000000000000000000e+00,-8.240353534085114173e-01
8.531400000000000000e+04,5.373707217999999841e+00,0.000000000000000000e+00,0.000000000000000000e+00,-8.240353534085114173e-01
6.363600000000000000e+04,5.664081673000000094e+00,0.000000000000000000e+00,0.000000000000000000e+00,-8.240353534085114173e-01
9.050300000000000000e+04,8.302303887000000771e+00,0.000000000000000000e+00,0.000000000000000000e+00,-8.240353534085114173e-01
3.304400000000000000e+04,2.336150959000000071e+01,0.000000000000000000e+00,0.000000000000000000e+00,-8.240353534085114173e-01
6.547800000000000000e+04,4.130207653000000256e+00,0.000000000000000000e+00,0.000000000000000000e+00,-8.240353534085114173e-01
3.572600000000000000e+04,1.463473074000000018e+01,0.000000000000000000e+00,0.000000000000000000e+00,-8.240353534085114173e-01
6.699900000000000000e+04,6.450353814999999713e+00,0.000000000000000000e+00,0.000000000000000000e+00,-8.240353534085114173e-01
4.199800000000000000e+04,1.490778015000000067e+01,0.000000000000000000e+00,0.000000000000000000e+00,-8.240353534085114173e-01
7.064300000000000000e+04,6.576673076999999701e+00,0.000000000000000000e+00,0.000000000000000000e+00,-8.240353534085114173e-01
3.435600000000000000e+04,2.250061347000000112e+01,0.000000000000000000e+00,0.000000000000000000e+00,-8.240353534085114173e-01
8.111100000000000000e+04,5.343721905999999855e+00,0.000000000000000000e+00,0.000000000000000000e+00,-8.240353534085114173e-01
3.424100000000000000e+04,2.001295452000000097e+01,0.000000000000000000e+00,0.000000000000000000e+00,-8.240353534085114173e-01
3.596600000000000000e+04,1.764618238999999988e+01,0.000000000000000000e+00,0.000000000000000000e+00,-8.240353534085114173e-01
4.846800000000000000e+04,9.218762592999999228e+00,0.000000000000000000e+00,0.000000000000000000e+00,-8.240353534085114173e-01
2.425700000000000000e+04,2.881610532999999919e+01,0.000000000000000000e+00,0.000000000000000000e+00,-8.240353534085114173e-01
5.663100000000000000e+04,5.270513579000000171e+00,0.000000000000000000e+00,0.000000000000000000e+00,-8.240353534085114173e-01
3.151400000000000000e+04,2.120857833999999897e+01,0.000000000000000000e+00,0.000000000000000000e+00,-8.240353534085114173e-01
7.754200000000000000e+04,9.730177986999999362e+00,0.000000000000000000e+00,0.000000000000000000e+00,-8.240353534085114173e-01
3.234500000000000000e+04,2.334610512000000071e+01,0.000000000000000000e+00,0.000000000000000000e+00,-8.240353534085114173e-01
5.719400000000000000e+04,1.463125572000000041e+01,0.000000000000000000e+00,0.000000000000000000e+00,-8.240353534085114173e-01
6.674700000000000000e+04,4.696569269000000268e+00,0.000000000000000000e+00,0.000000000000000000e+00,-8.240353534085114173e-01
5.470600000000000000e+04,1.205038307000000053e+01,0.000000000000000000e+00,0.000000000000000000e+00,-8.240353534085114173e-01
4.074300000000000000e+04,1.694144803000000010e+01,0.000000000000000000e+00,0.000000000000000000e+00,-8.240353534085114173e-01
4.237400000000000000e+04,1.774568809999999885e+01,0.000000000000000000e+00,0.000000000000000000e+00,-8.240353534085114173e-01
5.854500000000000000e+04,7.376202413999999763e+00,0.000000000000000000e+00,0.000000000000000000e+00,-8.240353534085114173e-01
4.502300000000000000e+04,1.998298139999999989e+01,0.000000000000000000e+00,0.000000000000000000e+00,-8.240353534085114173e-01
4.929400000000000000e+04,1.483739100000000022e+01,0.000000000000000000e+00,0.000000000000000000e+00,-8.240353534085114173e-01
2.795500000000000000e+04,2.627952940999999853e+01,0.000000000000000000e+00,0.000000000000000000e+00,-8.240353534085114173e-01
4.485500000000000000e+04,1.167223159999999993e+01,0.000000000000000000e+00,0.000000000000000000e+00,-8.240353534085114173e-01
5.715300000000000000e+04,4.824766355000000395e+00,0.000000000000000000e+00,0.000000000000000000e+00,-8.240353534085114173e-01
4.722100000000000000e+04,1.902357459999999989e+01,0.000000000000000000e+00,0.000000000000000000e+00,-8.240353534085114173e-01
3.612000000000000000e+04,1.803722993999999957e+01,0.000000000000000000e+00,0.000000000000000000e+00,-8.240353534085114173e-01
5.075800000000000000e+04,8.237805469999999630e+00,0.000000000000000000e+00,0.000000000000000000e+00,-8.240353534085114173e-01
3.298700000000000000e+04,1.748416001000000009e+01,0.000000000000000000e+00,0.000000000000000000e+00,-8.240353534085114173e-01
4.224900000000000000e+04,1.362046160000000050e+01,0.000000000000000000e+00,0.000000000000000000e+00,-8.240353534085114173e-01
5.259900000000000000e+04,6.486685560999999822e+00,0.000000000000000000e+00,0.000000000000000000e+00,-8.240353534085114173e-01
5.260300000000000000e+04,1.400519706000000042e+01,0.000000000000000000e+00,0.000000000000000000e+00,-8.240353534085114173e-01
5.663000000000000000e+04,4.324196129999999805e+00,0.000000000000000000e+00,0.000000000000000000e+00,-8.240353534085114173e-01
4.004700000000000000e+04,1.912045005999999958e+01,0.000000000000000000e+00,0.000000000000000000e+00,-8.240353534085114173e-01
4.398100000000000000e+04,1.362659322999999922e+01,0.000000000000000000e+00,0.000000000000000000e+00,-8.240353534085114173e-01
4.600400000000000000e+04,9.765346348999999648e+00,0.000000000000000000e+00,0.000000000000000000e+00,-8.240353534085114173e-01
5.893800000000000000e+04,9.445860590000000556e+00,0.000000000000000000e+00,0.000000000000000000e+00,-8.240353534085114173e-01
6.026500000000000000e+04,5.849779206000000009e+00,0.000000000000000000e+00,0.000000000000000000e+00,-8.240353534085114173e-01
8.331300000000000000e+04,1.473985571999999911e+00,0.000000000000000000e+00,0.000000000000000000e+00,-8.240353534085114173e-01
5.455500000000000000e+04,1.004662150000000054e+01,0.000000000000000000e+00,0.000000000000000000e+00,-8.240353534085114173e-01
4.011500000000000000e+04,1.483290947000000060e+01,0.000000000000000000e+00,0.000000000000000000e+00,-8.240353534085114173e-01
3.725500000000000000e+04,1.427340348000000070e+01,0.000000000000000000e+00,0.000000000000000000e+00,-8.240353534085114173e-01
3.324000000000000000e+04,2.383270527999999899e+01,0.000000000000000000e+00,0.000000000000000000e+00,-8.240353534085114173e-01
3.690400000000000000e+04,1.675245569000000145e+01,0.000000000000000000e+00,0.000000000000000000e+00,-8.240353534085114173e-01
3.819700000000000000e+04,1.920691292000000061e+01,0.000000000000000000e+00,0.000000000000000000e+00,-8.240353534085114173e-01
3.779700000000000000e+04,1.872226115000000135e+01,0.000000000000000000e+00,0.000000000000000000e+00,-8.240353534085114173e-01
4.272900000000000000e+04,1.258529743000000067e+01,0.000000000000000000e+00,0.000000000000000000e+00,-8.240353534085114173e-01
2.942800000000000000e+04,2.371359285000000128e+01,0.000000000000000000e+00,0.000000000000000000e+00,-8.240353534085114173e-01
4.930400000000000000e+04,1.560879717999999983e+01,0.000000000000000000e+00,0.000000000000000000e+00,-8.240353534085114173e-01
2.651600000000000000e+04,2.429779153000000136e+01,0.000000000000000000e+00,0.000000000000000000e+00,-8.240353534085114173e-01
3.757200000000000000e+04,1.573180076999999955e+01,0.000000000000000000e+00,0.000000000000000000e+00,-8.240353534085114173e-01
